{
    "key": "group_61c4367d4f47b",
    "title": "Display On",
    "fields": [
        {
            "key": "field_61c43681a6fbc",
            "label": "Active Header \/ Footer",
            "name": "active_header_footer",
            "type": "true_false",
            "instructions": "",
            "required": 0,
            "conditional_logic": 0,
            "wrapper": {
                "width": "",
                "class": "",
                "id": ""
            },
            "message": "",
            "default_value": 0,
            "ui": 1,
            "ui_on_text": "",
            "ui_off_text": ""
        },
        {
            "key": "field_61c436d3a6fbd",
            "label": "Entire Site?",
            "name": "entire_site",
            "type": "true_false",
            "instructions": "",
            "required": 0,
            "conditional_logic": [
                [
                    {
                        "field": "field_61c43681a6fbc",
                        "operator": "==",
                        "value": "1"
                    }
                ]
            ],
            "wrapper": {
                "width": "",
                "class": "",
                "id": ""
            },
            "message": "",
            "default_value": 1,
            "ui": 1,
            "ui_on_text": "",
            "ui_off_text": ""
        },
        {
            "key": "field_61c43712a6fbe",
            "label": "Select page",
            "name": "select_page",
            "type": "post_object",
            "instructions": "",
            "required": 0,
            "conditional_logic": [
                [
                    {
                        "field": "field_61c436d3a6fbd",
                        "operator": "!=",
                        "value": "1"
                    },
                    {
                        "field": "field_61c43681a6fbc",
                        "operator": "==",
                        "value": "1"
                    }
                ]
            ],
            "wrapper": {
                "width": "",
                "class": "",
                "id": ""
            },
            "post_type": "",
            "taxonomy": "",
            "allow_null": 0,
            "multiple": 0,
            "return_format": "id",
            "ui": 1
        }
    ],
    "location": [
        [
            {
                "param": "post_type",
                "operator": "==",
                "value": "droit_header"
            }
        ],
        [
            {
                "param": "post_type",
                "operator": "==",
                "value": "droit_footer"
            }
        ]
    ],
    "menu_order": 0,
    "position": "normal",
    "style": "default",
    "label_placement": "left",
    "instruction_placement": "label",
    "hide_on_screen": "",
    "active": true,
    "description": "",
    "show_in_rest": 0,
    "modified": 1640256964
}